{
  "version": 8,
  "name": "Fiord Color",
  "metadata": {
    "mapbox:autocomposite": false,
    "mapbox:type": "template",
    "mapbox:groups": {
      "b6371a3f2f5a9932464fa3867530a2e5": {
        "name": "Transportation",
        "collapsed": true
      },
      "a14c9607bc7954ba1df7205bf660433f": {
        "name": "Boundaries",
        "collapsed": true
      },
      "101da9f13b64a08fa4b6ac1168e89e5f": {
        "name": "Places",
        "collapsed": true
      }
    },
    "openmaptiles:version": "3.x"
  },
  "center": [
    0.41134944662525186,
    -1.7053025658242404e-13
  ],
  "zoom": 1.3869401319571246,
  "bearing": 0,
  "pitch": 0,
  "sources": {
    "openmaptiles": {
      "url": "mbtiles://{world-vector}",
      "type": "vector"
    }
  },
  "sprite": "fiord-color-gl-style-master",
  "glyphs": "{fontstack}/{range}.pbf",
  "layers": [
    {
      "id": "background",
      "type": "background",
      "paint": {
        "background-color": "#45516E"
      }
    },
    {
      "id": "water",
      "type": "fill",
      "source": "openmaptiles",
      "source-layer": "water",
      "filter": [
        "==",
        "$type",
        "Polygon"
      ],
      "layout": {
        "visibility": "visible"
      },
      "paint": {
        "fill-color": "#38435C",
        "fill-antialias": false
      }
    },
    {
      "id": "landcover_ice_shelf",
      "type": "fill",
      "source": "openmaptiles",
      "source-layer": "landcover",
      "maxzoom": 8,
      "filter": [
        "all",
        [
          "==",
          "$type",
          "Polygon"
        ],
        [
          "==",
          "subclass",
          "ice_shelf"
        ]
      ],
      "layout": {
        "visibility": "visible"
      },
      "paint": {
        "fill-color": "hsl(232, 33%, 34%)",
        "fill-opacity": 0.4
      }
    },
    {
      "id": "landuse_residential",
      "type": "fill",
      "source": "openmaptiles",
      "source-layer": "landuse",
      "maxzoom": 16,
      "filter": [
        "all",
        [
          "==",
          "$type",
          "Polygon"
        ],
        [
          "==",
          "subclass",
          "residential"
        ]
      ],
      "layout": {
        "visibility": "visible"
      },
      "paint": {
        "fill-color": "rgb(234, 234, 230)",
        "fill-opacity": {
          "base": 0.6,
          "stops": [
            [
              8,
              0.8
            ],
            [
              9,
              0.6
            ]
          ]
        }
      }
    },
    {
      "id": "landcover_wood",
      "type": "fill",
      "source": "openmaptiles",
      "source-layer": "landcover",
      "minzoom": 10,
      "filter": [
        "all",
        [
          "==",
          "$type",
          "Polygon"
        ],
        [
          "==",
          "class",
          "wood"
        ]
      ],
      "layout": {
        "visibility": "visible"
      },
      "paint": {
        "fill-color": "hsla(232, 18%, 30%, 0.57)",
        "fill-opacity": {
          "base": 1,
          "stops": [
            [
              9,
              0
            ],
            [
              12,
              1
            ]
          ]
        }
      }
    },
    {
      "id": "park",
      "type": "fill",
      "source": "openmaptiles",
      "source-layer": "park",
      "filter": [
        "==",
        "$type",
        "Polygon"
      ],
      "layout": {
        "visibility": "visible"
      },
      "paint": {
        "fill-color": "hsl(204, 17%, 35%)",
        "fill-opacity": 0.3
      }
    },
    {
      "id": "park_outline",
      "type": "line",
      "source": "openmaptiles",
      "source-layer": "park",
      "filter": [
        "==",
        "$type",
        "Polygon"
      ],
      "layout": {},
      "paint": {
        "line-dasharray": [
          2,
          2
        ],
        "line-color": "hsl(205, 49%, 31%)"
      }
    },
    {
      "id": "waterway",
      "type": "line",
      "source": "openmaptiles",
      "source-layer": "waterway",
      "filter": [
        "==",
        "$type",
        "LineString"
      ],
      "layout": {
        "visibility": "visible"
      },
      "paint": {
        "line-color": "hsl(232, 23%, 28%)",
        "line-opacity": 0.6
      }
    },
    {
      "id": "water_name",
      "type": "symbol",
      "source": "openmaptiles",
      "source-layer": "water_name",
      "filter": [
        "==",
        "$type",
        "LineString"
      ],
      "layout": {
        "text-field": "{name}",
        "symbol-placement": "line",
        "text-rotation-alignment": "map",
        "symbol-spacing": 500,
        "text-font": [
          "Metropolis Medium Italic",
          "Klokantech Noto Sans Regular",
          "Klokantech Noto Sans CJK Regular"
        ],
        "text-size": 12,
        "visibility": "visible"
      },
      "paint": {
        "text-color": "hsl(223, 21%, 52%)",
        "text-halo-color": "hsl(232, 5%, 19%)",
        "text-halo-width": 1,
        "text-halo-blur": 0
      }
    },
    {
      "id": "building",
      "type": "fill",
      "source": "openmaptiles",
      "source-layer": "building",
      "minzoom": 12,
      "filter": [
        "==",
        "$type",
        "Polygon"
      ],
      "paint": {
        "fill-color": "hsla(232, 47%, 18%, 0.65)",
        "fill-antialias": false,
        "fill-opacity": 0.25
      }
    },
    {
      "id": "tunnel_motorway_casing",
      "type": "line",
      "metadata": {
        "mapbox:group": "b6371a3f2f5a9932464fa3867530a2e5"
      },
      "source": "openmaptiles",
      "source-layer": "transportation",
      "minzoom": 6,
      "filter": [
        "all",
        [
          "==",
          "$type",
          "LineString"
        ],
        [
          "all",
          [
            "==",
            "brunnel",
            "tunnel"
          ],
          [
            "==",
            "class",
            "motorway"
          ]
        ]
      ],
      "layout": {
        "line-cap": "butt",
        "line-join": "miter",
        "visibility": "visible"
      },
      "paint": {
        "line-color": "#3C4357",
        "line-width": {
          "base": 1.4,
          "stops": [
            [
              5.8,
              0
            ],
            [
              6,
              3
            ],
            [
              20,
              40
            ]
          ]
        },
        "line-opacity": 1
      }
    },
    {
      "id": "tunnel_motorway_inner",
      "type": "line",
      "metadata": {
        "mapbox:group": "b6371a3f2f5a9932464fa3867530a2e5"
      },
      "source": "openmaptiles",
      "source-layer": "transportation",
      "minzoom": 6,
      "filter": [
        "all",
        [
          "==",
          "$type",
          "LineString"
        ],
        [
          "all",
          [
            "==",
            "brunnel",
            "tunnel"
          ],
          [
            "==",
            "class",
            "motorway"
          ]
        ]
      ],
      "layout": {
        "line-cap": "round",
        "line-join": "round",
        "visibility": "visible"
      },
      "paint": {
        "line-color": "hsl(224, 18%, 21%)",
        "line-width": {
          "base": 1.4,
          "stops": [
            [
              4,
              2
            ],
            [
              6,
              1.3
            ],
            [
              20,
              30
            ]
          ]
        }
      }
    },
    {
      "id": "highway_path",
      "type": "line",
      "metadata": {
        "mapbox:group": "b6371a3f2f5a9932464fa3867530a2e5"
      },
      "source": "openmaptiles",
      "source-layer": "transportation",
      "filter": [
        "all",
        [
          "==",
          "$type",
          "LineString"
        ],
        [
          "==",
          "class",
          "path"
        ]
      ],
      "layout": {
        "line-cap": "round",
        "line-join": "round",
        "visibility": "visible"
      },
      "paint": {
        "line-color": "hsl(211, 29%, 38%)",
        "line-width": {
          "base": 1.2,
          "stops": [
            [
              12,
              0.5
            ],
            [
              20,
              4
            ]
          ]
        },
        "line-opacity": 1,
        "line-dasharray": [
          2,
          2
        ]
      }
    },
    {
      "id": "highway_minor",
      "type": "line",
      "metadata": {
        "mapbox:group": "b6371a3f2f5a9932464fa3867530a2e5"
      },
      "source": "openmaptiles",
      "source-layer": "transportation",
      "minzoom": 8,
      "filter": [
        "all",
        [
          "==",
          "$type",
          "LineString"
        ],
        [
          "in",
          "class",
          "minor",
          "service",
          "track"
        ]
      ],
      "layout": {
        "line-cap": "round",
        "line-join": "round",
        "visibility": "visible"
      },
      "paint": {
        "line-color": "hsl(224, 22%, 45%)",
        "line-width": {
          "base": 1.55,
          "stops": [
            [
              13,
              1.8
            ],
            [
              20,
              20
            ]
          ]
        },
        "line-opacity": 0.9
      }
    },
    {
      "id": "highway_major_casing",
      "type": "line",
      "metadata": {
        "mapbox:group": "b6371a3f2f5a9932464fa3867530a2e5"
      },
      "source": "openmaptiles",
      "source-layer": "transportation",
      "minzoom": 11,
      "filter": [
        "all",
        [
          "==",
          "$type",
          "LineString"
        ],
        [
          "in",
          "class",
          "primary",
          "secondary",
          "tertiary",
          "trunk"
        ]
      ],
      "layout": {
        "line-cap": "butt",
        "line-join": "miter",
        "visibility": "visible"
      },
      "paint": {
        "line-color": "hsl(224, 22%, 45%)",
        "line-dasharray": [
          12,
          0
        ],
        "line-width": {
          "base": 1.3,
          "stops": [
            [
              10,
              3
            ],
            [
              20,
              23
            ]
          ]
        }
      }
    },
    {
      "id": "highway_major_inner",
      "type": "line",
      "metadata": {
        "mapbox:group": "b6371a3f2f5a9932464fa3867530a2e5"
      },
      "source": "openmaptiles",
      "source-layer": "transportation",
      "minzoom": 11,
      "filter": [
        "all",
        [
          "==",
          "$type",
          "LineString"
        ],
        [
          "in",
          "class",
          "primary",
          "secondary",
          "tertiary",
          "trunk"
        ]
      ],
      "layout": {
        "line-cap": "round",
        "line-join": "round",
        "visibility": "visible"
      },
      "paint": {
        "line-color": "#3C4357",
        "line-width": {
          "base": 1.3,
          "stops": [
            [
              10,
              2
            ],
            [
              20,
              20
            ]
          ]
        }
      }
    },
    {
      "id": "highway_major_subtle",
      "type": "line",
      "metadata": {
        "mapbox:group": "b6371a3f2f5a9932464fa3867530a2e5"
      },
      "source": "openmaptiles",
      "source-layer": "transportation",
      "maxzoom": 11,
      "filter": [
        "all",
        [
          "==",
          "$type",
          "LineString"
        ],
        [
          "in",
          "class",
          "primary",
          "secondary",
          "tertiary",
          "trunk"
        ]
      ],
      "layout": {
        "line-cap": "round",
        "line-join": "round",
        "visibility": "visible"
      },
      "paint": {
        "line-color": "#3D4355",
        "line-width": 2,
        "line-opacity": 0.6
      }
    },
    {
      "id": "highway_motorway_casing",
      "type": "line",
      "metadata": {
        "mapbox:group": "b6371a3f2f5a9932464fa3867530a2e5"
      },
      "source": "openmaptiles",
      "source-layer": "transportation",
      "minzoom": 6,
      "filter": [
        "all",
        [
          "==",
          "$type",
          "LineString"
        ],
        [
          "all",
          [
            "!in",
            "brunnel",
            "bridge",
            "tunnel"
          ],
          [
            "==",
            "class",
            "motorway"
          ]
        ]
      ],
      "layout": {
        "line-cap": "butt",
        "line-join": "miter",
        "visibility": "visible"
      },
      "paint": {
        "line-color": "hsl(224, 22%, 45%)",
        "line-width": {
          "base": 1.4,
          "stops": [
            [
              5.8,
              0
            ],
            [
              6,
              3
            ],
            [
              20,
              40
            ]
          ]
        },
        "line-dasharray": [
          2,
          0
        ],
        "line-opacity": 1
      }
    },
    {
      "id": "highway_motorway_inner",
      "type": "line",
      "metadata": {
        "mapbox:group": "b6371a3f2f5a9932464fa3867530a2e5"
      },
      "source": "openmaptiles",
      "source-layer": "transportation",
      "minzoom": 6,
      "filter": [
        "all",
        [
          "==",
          "$type",
          "LineString"
        ],
        [
          "all",
          [
            "!in",
            "brunnel",
            "bridge",
            "tunnel"
          ],
          [
            "==",
            "class",
            "motorway"
          ]
        ]
      ],
      "layout": {
        "line-cap": "round",
        "line-join": "round",
        "visibility": "visible"
      },
      "paint": {
        "line-color": {
          "base": 1,
          "stops": [
            [
              5.8,
              "hsla(0, 0%, 85%, 0.53)"
            ],
            [
              6,
              "hsl(224, 20%, 29%)"
            ]
          ]
        },
        "line-width": {
          "base": 1.4,
          "stops": [
            [
              4,
              2
            ],
            [
              6,
              1.3
            ],
            [
              20,
              30
            ]
          ]
        }
      }
    },
    {
      "id": "highway_motorway_subtle",
      "type": "line",
      "metadata": {
        "mapbox:group": "b6371a3f2f5a9932464fa3867530a2e5"
      },
      "source": "openmaptiles",
      "source-layer": "transportation",
      "maxzoom": 6,
      "filter": [
        "all",
        [
          "==",
          "$type",
          "LineString"
        ],
        [
          "==",
          "class",
          "motorway"
        ]
      ],
      "layout": {
        "line-cap": "round",
        "line-join": "round",
        "visibility": "visible"
      },
      "paint": {
        "line-color": "hsla(239, 45%, 69%, 0.2)",
        "line-width": {
          "base": 1.4,
          "stops": [
            [
              4,
              2
            ],
            [
              6,
              1.3
            ]
          ]
        }
      }
    },
    {
      "id": "railway_service",
      "type": "line",
      "metadata": {
        "mapbox:group": "b6371a3f2f5a9932464fa3867530a2e5"
      },
      "source": "openmaptiles",
      "source-layer": "transportation",
      "minzoom": 16,
      "filter": [
        "all",
        [
          "==",
          "$type",
          "LineString"
        ],
        [
          "all",
          [
            "==",
            "class",
            "rail"
          ],
          [
            "has",
            "service"
          ]
        ]
      ],
      "layout": {
        "visibility": "visible",
        "line-join": "round"
      },
      "paint": {
        "line-color": "hsl(200, 65%, 11%)",
        "line-width": 3
      }
    },
    {
      "id": "railway_service_dashline",
      "metadata": {
        "mapbox:group": "b6371a3f2f5a9932464fa3867530a2e5"
      },
      "paint": {
        "line-color": "hsl(193, 63%, 26%)",
        "line-width": 2,
        "line-dasharray": [
          3,
          3
        ]
      },
      "type": "line",
      "source": "openmaptiles",
      "source-layer": "transportation",
      "minzoom": 16,
      "filter": [
        "all",
        [
          "==",
          "$type",
          "LineString"
        ],
        [
          "all",
          [
            "==",
            "class",
            "rail"
          ],
          [
            "has",
            "service"
          ]
        ]
      ],
      "layout": {
        "visibility": "visible",
        "line-join": "round"
      }
    },
    {
      "id": "railway",
      "type": "line",
      "metadata": {
        "mapbox:group": "b6371a3f2f5a9932464fa3867530a2e5"
      },
      "source": "openmaptiles",
      "source-layer": "transportation",
      "minzoom": 13,
      "filter": [
        "all",
        [
          "==",
          "$type",
          "LineString"
        ],
        [
          "all",
          [
            "!has",
            "service"
          ],
          [
            "==",
            "class",
            "rail"
          ]
        ]
      ],
      "layout": {
        "visibility": "visible",
        "line-join": "round"
      },
      "paint": {
        "line-color": "hsl(200, 10%, 18%)",
        "line-width": {
          "base": 1.3,
          "stops": [
            [
              16,
              3
            ],
            [
              20,
              7
            ]
          ]
        }
      }
    },
    {
      "id": "railway_dashline",
      "metadata": {
        "mapbox:group": "b6371a3f2f5a9932464fa3867530a2e5"
      },
      "paint": {
        "line-color": "hsl(224, 20%, 41%)",
        "line-width": {
          "base": 1.3,
          "stops": [
            [
              16,
              1.5
            ],
            [
              20,
              6
            ]
          ]
        },
        "line-dasharray": [
          3,
          3
        ]
      },
      "type": "line",
      "source": "openmaptiles",
      "source-layer": "transportation",
      "minzoom": 13,
      "filter": [
        "all",
        [
          "==",
          "$type",
          "LineString"
        ],
        [
          "all",
          [
            "!has",
            "service"
          ],
          [
            "==",
            "class",
            "rail"
          ]
        ]
      ],
      "layout": {
        "visibility": "visible",
        "line-join": "round"
      }
    },
    {
      "id": "highway_name_other",
      "type": "symbol",
      "metadata": {
        "mapbox:group": "b6371a3f2f5a9932464fa3867530a2e5"
      },
      "source": "openmaptiles",
      "source-layer": "transportation_name",
      "filter": [
        "all",
        [
          "!=",
          "class",
          "motorway"
        ],
        [
          "==",
          "$type",
          "LineString"
        ]
      ],
      "layout": {
        "text-size": 10,
        "text-max-angle": 30,
        "text-transform": "uppercase",
        "symbol-spacing": 350,
        "text-font": [
          "Metropolis Regular",
          "Klokantech Noto Sans Regular",
          "Klokantech Noto Sans CJK Regular"
        ],
        "symbol-placement": "line",
        "visibility": "visible",
        "text-rotation-alignment": "map",
        "text-pitch-alignment": "viewport",
        "text-field": "{name}"
      },
      "paint": {
        "text-color": "hsl(223, 31%, 61%)",
        "text-halo-color": "hsl(232, 9%, 23%)",
        "text-translate": [
          0,
          0
        ],
        "text-halo-width": 2,
        "text-halo-blur": 0,
        "text-opacity": 1
      }
    },
    {
      "id": "highway_ref",
      "type": "symbol",
      "metadata": {
        "mapbox:group": "b6371a3f2f5a9932464fa3867530a2e5"
      },
      "source": "openmaptiles",
      "source-layer": "transportation_name",
      "filter": [
        "all",
        [
          "==",
          "$type",
          "LineString"
        ],
        [
          "==",
          "class",
          "motorway"
        ]
      ],
      "layout": {
        "text-size": 10,
        "symbol-spacing": 350,
        "text-font": [
          "Metropolis Light",
          "Klokantech Noto Sans Regular",
          "Klokantech Noto Sans CJK Regular"
        ],
        "symbol-placement": "line",
        "visibility": "none",
        "text-rotation-alignment": "viewport",
        "text-pitch-alignment": "viewport",
        "text-field": "{ref}"
      },
      "paint": {
        "text-color": "hsl(215, 57%, 77%)",
        "text-halo-color": "hsl(209, 64%, 19%)",
        "text-translate": [
          0,
          2
        ],
        "text-halo-width": 1,
        "text-halo-blur": 1,
        "text-opacity": 1
      }
    },
    {
      "id": "boundary_state",
      "type": "line",
      "metadata": {
        "mapbox:group": "a14c9607bc7954ba1df7205bf660433f"
      },
      "source": "openmaptiles",
      "source-layer": "boundary",
      "filter": [
        "==",
        "admin_level",
        4
      ],
      "layout": {
        "line-cap": "round",
        "line-join": "round",
        "visibility": "visible"
      },
      "paint": {
        "line-color": "hsla(195, 47%, 62%, 0.26)",
        "line-width": {
          "base": 1.3,
          "stops": [
            [
              3,
              1
            ],
            [
              22,
              15
            ]
          ]
        },
        "line-blur": 0.4,
        "line-dasharray": [
          2,
          2
        ],
        "line-opacity": 1
      }
    },
    {
      "id": "boundary_country",
      "type": "line",
      "metadata": {
        "mapbox:group": "a14c9607bc7954ba1df7205bf660433f"
      },
      "source": "openmaptiles",
      "source-layer": "boundary",
      "filter": [
        "==",
        "admin_level",
        2
      ],
      "layout": {
        "line-cap": "round",
        "line-join": "round"
      },
      "paint": {
        "line-color": "hsl(214, 63%, 76%)",
        "line-width": {
          "base": 1.1,
          "stops": [
            [
              3,
              1
            ],
            [
              22,
              20
            ]
          ]
        },
        "line-blur": {
          "base": 1,
          "stops": [
            [
              0,
              0.4
            ],
            [
              22,
              4
            ]
          ]
        },
        "line-opacity": 0.56
      }
    },
    {
      "id": "place_other",
      "type": "symbol",
      "metadata": {
        "mapbox:group": "101da9f13b64a08fa4b6ac1168e89e5f"
      },
      "source": "openmaptiles",
      "source-layer": "place",
      "maxzoom": 14,
      "filter": [
        "all",
        [
          "!in",
          "class",
          "city",
          "suburb",
          "town",
          "village"
        ],
        [
          "==",
          "$type",
          "Point"
        ]
      ],
      "layout": {
        "text-size": 10,
        "text-transform": "uppercase",
        "text-font": [
          "Metropolis Regular",
          "Klokantech Noto Sans Regular",
          "Klokantech Noto Sans CJK Regular"
        ],
        "text-justify": "center",
        "visibility": "visible",
        "text-offset": [
          0.5,
          0
        ],
        "text-anchor": "center",
        "text-field": "{name_en}"
      },
      "paint": {
        "text-color": "hsl(195, 37%, 73%)",
        "text-halo-color": "hsla(228, 60%, 21%, 0.7)",
        "text-halo-width": 1,
        "text-halo-blur": 1,
        "text-opacity": 0.6
      }
    },
    {
      "id": "place_suburb",
      "type": "symbol",
      "metadata": {
        "mapbox:group": "101da9f13b64a08fa4b6ac1168e89e5f"
      },
      "source": "openmaptiles",
      "source-layer": "place",
      "maxzoom": 15,
      "filter": [
        "all",
        [
          "==",
          "$type",
          "Point"
        ],
        [
          "==",
          "class",
          "suburb"
        ]
      ],
      "layout": {
        "text-size": 10,
        "text-transform": "uppercase",
        "text-font": [
          "Metropolis Regular",
          "Klokantech Noto Sans Regular",
          "Klokantech Noto Sans CJK Regular"
        ],
        "text-justify": "center",
        "visibility": "visible",
        "text-offset": [
          0.5,
          0
        ],
        "text-anchor": "center",
        "text-field": "{name_en}"
      },
      "paint": {
        "text-color": "hsl(195, 41%, 49%)",
        "text-halo-color": "hsla(228, 60%, 21%, 0.7)",
        "text-halo-width": 1,
        "text-halo-blur": 1
      }
    },
    {
      "id": "place_village",
      "type": "symbol",
      "metadata": {
        "mapbox:group": "101da9f13b64a08fa4b6ac1168e89e5f"
      },
      "source": "openmaptiles",
      "source-layer": "place",
      "maxzoom": 14,
      "filter": [
        "all",
        [
          "==",
          "$type",
          "Point"
        ],
        [
          "==",
          "class",
          "village"
        ]
      ],
      "layout": {
        "text-size": 10,
        "text-transform": "uppercase",
        "text-font": [
          "Metropolis Regular",
          "Klokantech Noto Sans Regular",
          "Klokantech Noto Sans CJK Regular"
        ],
        "text-justify": "left",
        "visibility": "visible",
        "text-offset": [
          0.5,
          0.2
        ],
        "icon-size": 0.4,
        "text-anchor": "left",
        "text-field": "{name_en}"
      },
      "paint": {
        "text-color": "hsl(195, 41%, 49%)",
        "text-halo-color": "hsla(228, 60%, 21%, 0.7)",
        "text-halo-width": 1,
        "text-halo-blur": 1,
        "icon-opacity": 0.7
      }
    },
    {
      "id": "place_town",
      "type": "symbol",
      "metadata": {
        "mapbox:group": "101da9f13b64a08fa4b6ac1168e89e5f"
      },
      "source": "openmaptiles",
      "source-layer": "place",
      "maxzoom": 15,
      "filter": [
        "all",
        [
          "==",
          "$type",
          "Point"
        ],
        [
          "==",
          "class",
          "town"
        ]
      ],
      "layout": {
        "text-size": 10,
        "icon-image": {
          "base": 1,
          "stops": [
            [
              0,
              "circle-11"
            ],
            [
              9,
              ""
            ]
          ]
        },
        "text-transform": "uppercase",
        "text-font": [
          "Metropolis Regular",
          "Klokantech Noto Sans Regular",
          "Klokantech Noto Sans CJK Regular"
        ],
        "text-justify": "left",
        "visibility": "visible",
        "text-offset": [
          0.5,
          0.2
        ],
        "icon-size": 0.4,
        "text-anchor": {
          "base": 1,
          "stops": [
            [
              0,
              "left"
            ],
            [
              8,
              "center"
            ]
          ]
        },
        "text-field": "{name_en}"
      },
      "paint": {
        "text-color": "hsl(195, 25%, 76%)",
        "text-halo-color": "hsla(228, 60%, 21%, 0.7)",
        "text-halo-width": 1,
        "text-halo-blur": 1,
        "icon-opacity": 0.7
      }
    },
    {
      "id": "place_city",
      "type": "symbol",
      "metadata": {
        "mapbox:group": "101da9f13b64a08fa4b6ac1168e89e5f"
      },
      "source": "openmaptiles",
      "source-layer": "place",
      "maxzoom": 14,
      "filter": [
        "all",
        [
          "==",
          "$type",
          "Point"
        ],
        [
          "all",
          [
            "==",
            "class",
            "city"
          ],
          [
            ">",
            "rank",
            3
          ]
        ]
      ],
      "layout": {
        "text-size": 10,
        "text-transform": "uppercase",
        "text-font": [
          "Metropolis Regular",
          "Klokantech Noto Sans Regular",
          "Klokantech Noto Sans CJK Regular"
        ],
        "text-justify": "left",
        "visibility": "visible",
        "text-offset": [
          0.5,
          0.2
        ],
        "icon-size": 0.4,
        "text-anchor": {
          "base": 1,
          "stops": [
            [
              0,
              "left"
            ],
            [
              8,
              "center"
            ]
          ]
        },
        "text-field": "{name_en}"
      },
      "paint": {
        "text-color": "hsl(195, 25%, 76%)",
        "text-halo-color": "hsla(228, 60%, 21%, 0.7)",
        "text-halo-width": 1,
        "text-halo-blur": 1,
        "icon-opacity": 0.7
      }
    },
    {
      "id": "place_city_large",
      "type": "symbol",
      "metadata": {
        "mapbox:group": "101da9f13b64a08fa4b6ac1168e89e5f"
      },
      "source": "openmaptiles",
      "source-layer": "place",
      "maxzoom": 12,
      "filter": [
        "all",
        [
          "==",
          "$type",
          "Point"
        ],
        [
          "all",
          [
            "<=",
            "rank",
            3
          ],
          [
            "==",
            "class",
            "city"
          ]
        ]
      ],
      "layout": {
        "text-size": 14,
        "text-transform": "uppercase",
        "text-font": [
          "Metropolis Regular",
          "Klokantech Noto Sans Regular",
          "Klokantech Noto Sans CJK Regular"
        ],
        "text-justify": "left",
        "visibility": "visible",
        "text-offset": [
          0.5,
          0.2
        ],
        "icon-size": 0.4,
        "text-anchor": {
          "base": 1,
          "stops": [
            [
              0,
              "left"
            ],
            [
              8,
              "center"
            ]
          ]
        },
        "text-field": "{name}"
      },
      "paint": {
        "text-color": "hsl(195, 25%, 76%)",
        "text-halo-color": "hsla(228, 60%, 21%, 0.7)",
        "text-halo-width": 1,
        "text-halo-blur": 1,
        "icon-opacity": 0.7
      }
    },
    {
      "id": "place_state",
      "type": "symbol",
      "metadata": {
        "mapbox:group": "101da9f13b64a08fa4b6ac1168e89e5f"
      },
      "source": "openmaptiles",
      "source-layer": "place",
      "maxzoom": 12,
      "filter": [
        "all",
        [
          "==",
          "$type",
          "Point"
        ],
        [
          "==",
          "class",
          "state"
        ]
      ],
      "layout": {
        "visibility": "visible",
        "text-field": "{name_en}",
        "text-font": [
          "Metropolis Regular",
          "Klokantech Noto Sans Regular",
          "Klokantech Noto Sans CJK Regular"
        ],
        "text-transform": "uppercase",
        "text-size": 10
      },
      "paint": {
        "text-color": "rgb(113, 129, 144)",
        "text-halo-color": "hsla(228, 60%, 21%, 0.7)",
        "text-halo-width": 1,
        "text-halo-blur": 1
      }
    },
    {
      "id": "place_country_other",
      "type": "symbol",
      "metadata": {
        "mapbox:group": "101da9f13b64a08fa4b6ac1168e89e5f"
      },
      "source": "openmaptiles",
      "source-layer": "place",
      "maxzoom": 8,
      "filter": [
        "all",
        [
          "==",
          "$type",
          "Point"
        ],
        [
          "all",
          [
            "==",
            "class",
            "country"
          ],
          [
            ">=",
            "rank",
            2
          ]
        ]
      ],
      "layout": {
        "visibility": "visible",
        "text-field": "{name_en}",
        "text-font": [
          "Metropolis Regular",
          "Klokantech Noto Sans Regular",
          "Klokantech Noto Sans CJK Regular"
        ],
        "text-transform": "uppercase",
        "text-size": {
          "base": 1,
          "stops": [
            [
              0,
              10
            ],
            [
              6,
              12
            ]
          ]
        }
      },
      "paint": {
        "text-halo-width": 1.4,
        "text-halo-color": "hsla(228, 60%, 21%, 0.7)",
        "text-color": {
          "base": 1,
          "stops": [
            [
              3,
              "rgb(157,169,177)"
            ],
            [
              4,
              "rgb(153, 153, 153)"
            ]
          ]
        },
        "text-opacity": 1
      }
    },
    {
      "id": "place_country_major",
      "type": "symbol",
      "metadata": {
        "mapbox:group": "101da9f13b64a08fa4b6ac1168e89e5f"
      },
      "source": "openmaptiles",
      "source-layer": "place",
      "maxzoom": 6,
      "filter": [
        "all",
        [
          "==",
          "$type",
          "Point"
        ],
        [
          "all",
          [
            "<=",
            "rank",
            1
          ],
          [
            "==",
            "class",
            "country"
          ]
        ]
      ],
      "layout": {
        "visibility": "visible",
        "text-field": "{name_en}",
        "text-font": [
          "Metropolis Regular",
          "Klokantech Noto Sans Regular",
          "Klokantech Noto Sans CJK Regular"
        ],
        "text-transform": "uppercase",
        "text-size": {
          "base": 1.4,
          "stops": [
            [
              0,
              10
            ],
            [
              3,
              12
            ],
            [
              4,
              14
            ]
          ]
        },
        "text-anchor": "center"
      },
      "paint": {
        "text-halo-width": 1.4,
        "text-halo-color": "hsla(228, 60%, 21%, 0.7)",
        "text-color": {
          "base": 1,
          "stops": [
            [
              3,
              "rgb(157,169,177)"
            ],
            [
              4,
              "rgb(153, 153, 153)"
            ]
          ]
        },
        "text-opacity": 1
      }
    },
    {
      "id": "place_continent",
      "type": "symbol",
      "metadata": {
        "mapbox:group": "101da9f13b64a08fa4b6ac1168e89e5f"
      },
      "source": "openmaptiles",
      "source-layer": "place",
      "maxzoom": 6,
      "filter": [
        "all",
        [
          "==",
          "$type",
          "Point"
        ],
        [
          "==",
          "class",
          "continent"
        ]
      ],
      "layout": {
        "visibility": "visible",
        "text-field": "{name_en}",
        "text-font": [
          "Metropolis Regular",
          "Klokantech Noto Sans Regular",
          "Klokantech Noto Sans CJK Regular"
        ],
        "text-transform": "uppercase",
        "text-size": {
          "base": 1.4,
          "stops": [
            [
              0,
              10
            ],
            [
              3,
              12
            ],
            [
              4,
              14
            ]
          ]
        },
        "text-anchor": "center"
      },
      "paint": {
        "text-halo-width": 1.4,
        "text-halo-color": "hsla(228, 60%, 21%, 0.7)",
        "text-color": "hsl(0, 0%, 100%)",
        "text-opacity": {
          "base": 1,
          "stops": [
            [
              0,
              0.6
            ],
            [
              3,
              0
            ]
          ]
        }
      }
    }
  ],
  "created": "2016-12-12T09:42:38.138Z",
  "id": "ciwlw4z7800092qmvzlut41tx",
  "modified": "2016-12-13T11:50:57.366Z",
  "owner": "openmaptiles",
  "draft": false
}
